<?xml version="1.0" encoding="UTF-8"?>
<!--
 Licensed to the Apache Software Foundation (ASF) under one
 or more contributor license agreements.  See the NOTICE file
 distributed with this work for additional information
 regarding copyright ownership.  The ASF licenses this file
 to you under the Apache License, Version 2.0 (the
 "License"); you may not use this file except in compliance
 with the License.  You may obtain a copy of the License at

   http://www.apache.org/licenses/LICENSE-2.0

 Unless required by applicable law or agreed to in writing,
 software distributed under the License is distributed on an
 "AS IS" BASIS, WITHOUT WARRANTIES OR CONDITIONS OF ANY
 KIND, either express or implied.  See the License for the
 specific language governing permissions and limitations
 under the License.    
-->

<project name="Apache Hadoop Hive" href="http://hadoop.apache.org/hive">
  <title>Hadoop Hive</title>
  <logo href="images/hive-logo.jpg">Hadoop Hive</logo>
  <body>
    <menu name="Hadoop hive">
      <item name="General"  href="/index.html" />
    </menu>
    <menu name="Hive Language Manual">
      <item name="Data Manipulation Statements" href="/language_manual/data-manipulation-statements.html" />
      <item name="Joins" href="/language_manual/joins.html" />
      <item name="Cli" href="/language_manual/cli.html" />
      <item name="Var Substitution" href="/language_manual/var_substitution.html" />
    </menu>
    <menu name="Developer Guide">
      <item name="Issue Tracking (JIRA)" href="https://issues.apache.org/jira/browse/HIVE"/>
    </menu>
    <menu name="User Defined Functions">
      <item name="reflect" href="/udf/reflect.html" />
    </menu>
  </body>
</project>
